similarity,word1,word2
0.5694566219593937,color,size
0.27603251666863665,color,act
0.5601030073913237,color,age
0.5694566219593937,size,color
0.12754242795975834,size,act
0.5450198986357792,size,age
0.27603251666863665,act,color
0.12754242795975834,act,size
0.12450669997658745,act,age
0.5601030073913237,age,color
0.5450198986357792,age,size
0.12450669997658745,age,act
1.0,color,color
1.0,size,size
1.0,act,act
1.0,age,age
